<?xml version="1.0" encoding="UTF-8" standalone="no"?>
<Test>
<Question>
<QuestionText>Вопрос 1</QuestionText>
<Answer>Вариант 1.1</Answer>
<Answer correct="true">Вариант 1.3</Answer>
<Answer>Вариант 1.2</Answer>
<Answer>Вариант 1.4</Answer>
<Answer>Вариант 1.5</Answer>
</Question>
<Question>
<QuestionText>Вопрос 3</QuestionText>
<Answer>Вариант 3.2</Answer>
<Answer correct="true">Вариант 3.3</Answer>
<Answer correct="true">Вариант 3.1</Answer>
</Question>
<Question>
<QuestionText>Вопрос 2</QuestionText>
<Answer>Вариант 2.1</Answer>
<Answer correct="true">Вариант 2.2</Answer>
</Question>
</Test>
