<?xml version="1.0" encoding="UTF-8"?>
<!--  Input XML document. This XML is valid against Test.xsd XML schema-->

<p7:Test xmlns:xsi="http://www.w3.org/2001/XMLSchema-instance"
		xmlns:p7="http://nure.ua/your_last_name/practice7"
		xsi:schemaLocation="http://nure.ua/your_last_name/practice7 input.xsd">		
		
	<Question>	
		<QuestionText>Вопрос 1</QuestionText>
		<Answer>Вариант 1.1</Answer>
		<Answer correct="true">Вариант 1.3</Answer>
		<Answer>Вариант 1.2</Answer>
		<Answer>Вариант 1.4</Answer>	
	</Question>		

	<Question>	
		<QuestionText>Вопрос 3</QuestionText>
		<Answer>Вариант 3.2</Answer>
		<Answer correct="true">Вариант 3.3</Answer>
		<Answer correct="true">Вариант 3.1</Answer>
	</Question>		
	
	<Question>	
		<QuestionText>Вопрос 2</QuestionText>
		<Answer>Вариант 2.1</Answer>
		<Answer correct="true">Вариант 2.2</Answer>
	</Question>		
</p7:Test>